<?xml version="1.0" encoding="UTF-8"?>
<project-private xmlns="http://www.netbeans.org/ns/project-private/1">
    <editor-bookmarks xmlns="http://www.netbeans.org/ns/editor-bookmarks/2" lastBookmarkId="0"/>
    <open-files xmlns="http://www.netbeans.org/ns/projectui-open-files/2">
        <group>
            <file>file:/C:/Users/thier/Downloads/Compressed/jsf-crud-example/src/java/User.java</file>
            <file>file:/C:/Users/thier/Downloads/Compressed/jsf-crud-example/web/edit.xhtml</file>
            <file>file:/C:/Users/thier/Downloads/Compressed/jsf-crud-example/web/create.xhtml</file>
            <file>file:/C:/Users/thier/Downloads/Compressed/jsf-crud-example/web/META-INF/context.xml</file>
            <file>file:/C:/Users/thier/Downloads/Compressed/jsf-crud-example/web/index.xhtml</file>
            <file>file:/C:/Users/thier/Downloads/Compressed/jsf-crud-example/web/resources/css/bootstrap.min.css</file>
            <file>file:/C:/Users/thier/Downloads/Compressed/jsf-crud-example/web/WEB-INF/web.xml</file>
        </group>
    </open-files>
</project-private>
